<?xml version="1.0" encoding="UTF-8"?>
<gexf xmlns="http://www.gexf.net/1.3" version="1.3" xmlns:viz="http://www.gexf.net/1.3/viz" xmlns:xsi="http://www.w3.org/2001/XMLSchema-instance" xsi:schemaLocation="http://www.gexf.net/1.3 http://www.gexf.net/1.3/gexf.xsd">
  <meta lastmodifieddate="2016-12-22">
    <creator>Gephi 0.9</creator>
    <description></description>
  </meta>
  <graph defaultedgetype="directed" mode="static">
    <attributes class="node" mode="static">
      <attribute id="modularity_class" title="Modularity Class" type="integer">
        <default>0</default>
      </attribute>
    </attributes>
    <nodes>
      <node id="数据结构" label="数据结构">
        <attvalues>
          <attvalue for="modularity_class" value="2"></attvalue>
        </attvalues>
        <viz:size value="50.0"></viz:size>
        <viz:position x="-118.229675" y="49.2455"></viz:position>
        <viz:color r="255" g="0" b="0"></viz:color>
      </node>
      <node id="树" label="树">
        <attvalues>
          <attvalue for="modularity_class" value="0"></attvalue>
        </attvalues>
        <viz:size value="44.6"></viz:size>
        <viz:position x="-646.0216" y="809.24615"></viz:position>
        <viz:color r="255" g="0" b="0"></viz:color>
      </node>
      <node id="资料类型" label="资料类型">
        <attvalues>
          <attvalue for="modularity_class" value="5"></attvalue>
        </attvalues>
        <viz:size value="28.4"></viz:size>
        <viz:position x="588.2111" y="-394.72562"></viz:position>
        <viz:color r="0" g="202" b="255"></viz:color>
      </node>
      <node id="关联数组" label="关联数组">
        <attvalues>
          <attvalue for="modularity_class" value="3"></attvalue>
        </attvalues>
        <viz:size value="28.4"></viz:size>
        <viz:position x="78.237236" y="-443.2752"></viz:position>
        <viz:color r="46" g="144" b="114"></viz:color>
      </node>
      <node id="链表" label="链表">
        <attvalues>
          <attvalue for="modularity_class" value="2"></attvalue>
        </attvalues>
        <viz:size value="26.6"></viz:size>
        <viz:position x="21.064611" y="448.70734"></viz:position>
        <viz:color r="255" g="0" b="0"></viz:color>
      </node>
      <node id="二叉树" label="二叉树">
        <attvalues>
          <attvalue for="modularity_class" value="1"></attvalue>
        </attvalues>
        <viz:size value="26.6"></viz:size>
        <viz:position x="-884.33997" y="260.49442"></viz:position>
        <viz:color r="198" g="134" b="233"></viz:color>
      </node>
      <node id="数组" label="数组">
        <attvalues>
          <attvalue for="modularity_class" value="3"></attvalue>
        </attvalues>
        <viz:size value="24.8"></viz:size>
        <viz:position x="-100.44858" y="-606.273"></viz:position>
        <viz:color r="46" g="144" b="114"></viz:color>
      </node>
      <node id="抽象资料型别" label="抽象资料型别">
        <attvalues>
          <attvalue for="modularity_class" value="5"></attvalue>
        </attvalues>
        <viz:size value="23.0"></viz:size>
        <viz:position x="670.7486" y="-114.610855"></viz:position>
        <viz:color r="0" g="202" b="255"></viz:color>
      </node>
      <node id="平衡树" label="平衡树">
        <attvalues>
          <attvalue for="modularity_class" value="1"></attvalue>
        </attvalues>
        <viz:size value="23.0"></viz:size>
        <viz:position x="-535.6943" y="-372.86487"></viz:position>
        <viz:color r="198" g="134" b="233"></viz:color>
      </node>
      <node id="二元搜寻树" label="二元搜寻树">
        <attvalues>
          <attvalue for="modularity_class" value="1"></attvalue>
        </attvalues>
        <viz:size value="23.0"></viz:size>
        <viz:position x="-622.1157" y="-54.744568"></viz:position>
        <viz:color r="198" g="134" b="233"></viz:color>
      </node>
      <node id="树旋转" label="树旋转">
        <attvalues>
          <attvalue for="modularity_class" value="1"></attvalue>
        </attvalues>
        <viz:size value="19.4"></viz:size>
        <viz:position x="-1004.5779" y="-162.4377"></viz:position>
        <viz:color r="198" g="134" b="233"></viz:color>
      </node>
      <node id="复合型别" label="复合型别">
        <attvalues>
          <attvalue for="modularity_class" value="5"></attvalue>
        </attvalues>
        <viz:size value="19.4"></viz:size>
        <viz:position x="470.7294" y="-505.77124"></viz:position>
        <viz:color r="0" g="202" b="255"></viz:color>
      </node>
      <node id="哈希表" label="哈希表">
        <attvalues>
          <attvalue for="modularity_class" value="3"></attvalue>
        </attvalues>
        <viz:size value="17.6"></viz:size>
        <viz:position x="341.72247" y="-762.4947"></viz:position>
        <viz:color r="46" g="144" b="114"></viz:color>
      </node>
      <node id="堆" label="堆">
        <attvalues>
          <attvalue for="modularity_class" value="0"></attvalue>
        </attvalues>
        <viz:size value="17.6"></viz:size>
        <viz:position x="-437.90213" y="697.5417"></viz:position>
        <viz:color r="234" g="134" b="21"></viz:color>
      </node>
      <node id="邻接矩阵" label="邻接矩阵">
        <attvalues>
          <attvalue for="modularity_class" value="4"></attvalue>
        </attvalues>
        <viz:size value="15.8"></viz:size>
        <viz:position x="323.84692" y="286.932"></viz:position>
        <viz:color r="95" g="198" b="19"></viz:color>
      </node>
      <node id="序列" label="序列">
        <attvalues>
          <attvalue for="modularity_class" value="4"></attvalue>
        </attvalues>
        <viz:size value="15.8"></viz:size>
        <viz:position x="466.33792" y="378.16913"></viz:position>
        <viz:color r="95" g="198" b="19"></viz:color>
      </node>
      <node id="字符串" label="字符串">
        <attvalues>
          <attvalue for="modularity_class" value="5"></attvalue>
        </attvalues>
        <viz:size value="14.0"></viz:size>
        <viz:position x="708.0079" y="-639.2372"></viz:position>
        <viz:color r="0" g="202" b="255"></viz:color>
      </node>
      <node id="记录" label="记录">
        <attvalues>
          <attvalue for="modularity_class" value="2"></attvalue>
        </attvalues>
        <viz:size value="14.0"></viz:size>
        <viz:position x="81.17607" y="100.7107"></viz:position>
        <viz:color r="255" g="92" b="129"></viz:color>
      </node>
      <node id="B树" label="B树">
        <attvalues>
          <attvalue for="modularity_class" value="1"></attvalue>
        </attvalues>
        <viz:size value="14.0"></viz:size>
        <viz:position x="-426.9656" y="-14.238915"></viz:position>
        <viz:color r="198" g="134" b="233"></viz:color>
      </node>
      <node id="二叉堆" label="二叉堆">
        <attvalues>
          <attvalue for="modularity_class" value="1"></attvalue>
        </attvalues>
        <viz:size value="14.0"></viz:size>
        <viz:position x="-670.56836" y="116.914986"></viz:position>
        <viz:color r="255" g="0" b="0"></viz:color>
      </node>
      <node id="集合" label="集合">
        <attvalues>
          <attvalue for="modularity_class" value="5"></attvalue>
        </attvalues>
        <viz:size value="14.0"></viz:size>
        <viz:position x="524.6757" y="-245.01758"></viz:position>
        <viz:color r="0" g="202" b="255"></viz:color>
      </node>
      <node id="红黑树" label="红黑树">
        <attvalues>
          <attvalue for="modularity_class" value="1"></attvalue>
        </attvalues>
        <viz:size value="14.0"></viz:size>
        <viz:position x="-462.49152" y="-197.28052"></viz:position>
        <viz:color r="198" g="134" b="233"></viz:color>
      </node>
      <node id="散列函数" label="散列函数">
        <attvalues>
          <attvalue for="modularity_class" value="3"></attvalue>
        </attvalues>
        <viz:size value="12.2"></viz:size>
        <viz:position x="214.77992" y="-964.7819"></viz:position>
        <viz:color r="46" g="144" b="114"></viz:color>
      </node>
      <node id="AVL树" label="AVL树">
        <attvalues>
          <attvalue for="modularity_class" value="1"></attvalue>
        </attvalues>
        <viz:size value="12.2"></viz:size>
        <viz:position x="-732.54987" y="-235.54654"></viz:position>
        <viz:color r="198" g="134" b="233"></viz:color>
      </node>
      <node id="二项堆" label="二项堆">
        <attvalues>
          <attvalue for="modularity_class" value="0"></attvalue>
        </attvalues>
        <viz:size value="12.2"></viz:size>
        <viz:position x="-326.56165" y="755.7239"></viz:position>
        <viz:color r="234" g="134" b="21"></viz:color>
      </node>
      <node id="替罪羊树" label="替罪羊树">
        <attvalues>
          <attvalue for="modularity_class" value="1"></attvalue>
        </attvalues>
        <viz:size value="12.2"></viz:size>
        <viz:position x="-869.2209" y="-279.62253"></viz:position>
        <viz:color r="198" g="134" b="233"></viz:color>
      </node>
      <node id="(数据结构)" label="(数据结构)">
        <attvalues>
          <attvalue for="modularity_class" value="0"></attvalue>
        </attvalues>
        <viz:size value="10.4"></viz:size>
        <viz:position x="-451.9945" y="359.34604"></viz:position>
        <viz:color r="234" g="134" b="21"></viz:color>
      </node>
      <node id="伸展树" label="伸展树">
        <attvalues>
          <attvalue for="modularity_class" value="1"></attvalue>
        </attvalues>
        <viz:size value="10.4"></viz:size>
        <viz:position x="-844.2469" y="-89.155396"></viz:position>
        <viz:color r="198" g="134" b="233"></viz:color>
      </node>
      <node id="树堆" label="树堆">
        <attvalues>
          <attvalue for="modularity_class" value="0"></attvalue>
        </attvalues>
        <viz:size value="10.4"></viz:size>
        <viz:position x="-498.17078" y="144.29602"></viz:position>
        <viz:color r="234" g="134" b="21"></viz:color>
      </node>
      <node id="布隆过滤器" label="布隆过滤器">
        <attvalues>
          <attvalue for="modularity_class" value="3"></attvalue>
        </attvalues>
        <viz:size value="10.4"></viz:size>
        <viz:position x="49.6007" y="-742.2571"></viz:position>
        <viz:color r="46" g="144" b="114"></viz:color>
      </node>
      <node id="原始型别" label="原始型别">
        <attvalues>
          <attvalue for="modularity_class" value="5"></attvalue>
        </attvalues>
        <viz:size value="10.4"></viz:size>
        <viz:position x="940.58514" y="-740.61127"></viz:position>
        <viz:color r="0" g="202" b="255"></viz:color>
      </node>
      <node id="道路" label="道路">
        <attvalues>
          <attvalue for="modularity_class" value="4"></attvalue>
        </attvalues>
        <viz:size value="10.4"></viz:size>
        <viz:position x="917.76404" y="170.90466"></viz:position>
        <viz:color r="95" g="198" b="19"></viz:color>
      </node>
      <node id="(资料结构)" label="(资料结构)">
        <attvalues>
          <attvalue for="modularity_class" value="5"></attvalue>
        </attvalues>
        <viz:size value="10.4"></viz:size>
        <viz:position x="719.7575" y="-320.23138"></viz:position>
        <viz:color r="0" g="202" b="255"></viz:color>
      </node>
      <node id="K-d树" label="K-d树">
        <attvalues>
          <attvalue for="modularity_class" value="1"></attvalue>
        </attvalues>
        <viz:size value="10.4"></viz:size>
        <viz:position x="-846.2462" y="59.692738"></viz:position>
        <viz:color r="198" g="134" b="233"></viz:color>
      </node>
      <node id="线段树" label="线段树">
        <attvalues>
          <attvalue for="modularity_class" value="2"></attvalue>
        </attvalues>
        <viz:size value="10.4"></viz:size>
        <viz:position x="-326.53595" y="438.63278"></viz:position>
        <viz:color r="255" g="92" b="129"></viz:color>
      </node>
      <node id="二分图" label="二分图">
        <attvalues>
          <attvalue for="modularity_class" value="4"></attvalue>
        </attvalues>
        <viz:size value="8.6"></viz:size>
        <viz:position x="626.36487" y="456.7677"></viz:position>
        <viz:color r="95" g="198" b="19"></viz:color>
      </node>
      <node id="深度优先搜索" label="深度优先搜索">
        <attvalues>
          <attvalue for="modularity_class" value="1"></attvalue>
        </attvalues>
        <viz:size value="8.6"></viz:size>
        <viz:position x="-1091.5304" y="330.36053"></viz:position>
        <viz:color r="198" g="134" b="233"></viz:color>
      </node>
      <node id="枚举" label="枚举">
        <attvalues>
          <attvalue for="modularity_class" value="5"></attvalue>
        </attvalues>
        <viz:size value="8.6"></viz:size>
        <viz:position x="323.34073" y="-585.1509"></viz:position>
        <viz:color r="0" g="202" b="255"></viz:color>
      </node>
      <node id="朱迪矩阵" label="朱迪矩阵">
        <attvalues>
          <attvalue for="modularity_class" value="3"></attvalue>
        </attvalues>
        <viz:size value="8.6"></viz:size>
        <viz:position x="-180.01126" y="-443.84488"></viz:position>
        <viz:color r="46" g="144" b="114"></viz:color>
      </node>
      <node id="广度优先搜索" label="广度优先搜索">
        <attvalues>
          <attvalue for="modularity_class" value="2"></attvalue>
        </attvalues>
        <viz:size value="8.6"></viz:size>
        <viz:position x="-251.07118" y="596.3982"></viz:position>
        <viz:color r="255" g="92" b="129"></viz:color>
      </node>
      <node id="布尔" label="布尔">
        <attvalues>
          <attvalue for="modularity_class" value="5"></attvalue>
        </attvalues>
        <viz:size value="8.6"></viz:size>
        <viz:position x="886.3803" y="-870.05035"></viz:position>
        <viz:color r="0" g="202" b="255"></viz:color>
      </node>
      <node id="笛卡尔树" label="笛卡尔树">
        <attvalues>
          <attvalue for="modularity_class" value="1"></attvalue>
        </attvalues>
        <viz:size value="8.6"></viz:size>
        <viz:position x="-1101.7158" y="57.109505"></viz:position>
        <viz:color r="198" g="134" b="233"></viz:color>
      </node>
      <node id="正则图" label="正则图">
        <attvalues>
          <attvalue for="modularity_class" value="4"></attvalue>
        </attvalues>
        <viz:size value="8.6"></viz:size>
        <viz:position x="677.8826" y="292.43716"></viz:position>
        <viz:color r="95" g="198" b="19"></viz:color>
      </node>
      <node id="(图论)" label="(图论)">
        <attvalues>
          <attvalue for="modularity_class" value="4"></attvalue>
        </attvalues>
        <viz:size value="8.6"></viz:size>
        <viz:position x="695.2426" y="161.05238"></viz:position>
        <viz:color r="95" g="198" b="19"></viz:color>
      </node>
      <node id="四叉树" label="四叉树">
        <attvalues>
          <attvalue for="modularity_class" value="0"></attvalue>
        </attvalues>
        <viz:size value="8.6"></viz:size>
        <viz:position x="-623.45966" y="990.60254"></viz:position>
        <viz:color r="234" g="134" b="21"></viz:color>
      </node>
      <node id="2-3-4树" label="2-3-4树">
        <attvalues>
          <attvalue for="modularity_class" value="2"></attvalue>
        </attvalues>
        <viz:size value="6.8"></viz:size>
        <viz:position x="-295.3265" y="259.27252"></viz:position>
        <viz:color r="255" g="92" b="129"></viz:color>
      </node>
      <node id="2-3树" label="2-3树">
        <attvalues>
          <attvalue for="modularity_class" value="2"></attvalue>
        </attvalues>
        <viz:size value="6.8"></viz:size>
        <viz:position x="-161.97078" y="415.2132"></viz:position>
        <viz:color r="255" g="92" b="129"></viz:color>
      </node>
      <node id="多重关连数组" label="多重关连数组">
        <attvalues>
          <attvalue for="modularity_class" value="3"></attvalue>
        </attvalues>
        <viz:size value="6.8"></viz:size>
        <viz:position x="255.01752" y="-366.4792"></viz:position>
        <viz:color r="46" g="144" b="114"></viz:color>
      </node>
      <node id="完全二分图" label="完全二分图">
        <attvalues>
          <attvalue for="modularity_class" value="4"></attvalue>
        </attvalues>
        <viz:size value="6.8"></viz:size>
        <viz:position x="547.57654" y="578.0306"></viz:position>
        <viz:color r="95" g="198" b="19"></viz:color>
      </node>
      <node id="(数据类型)" label="(数据类型)">
        <attvalues>
          <attvalue for="modularity_class" value="5"></attvalue>
        </attvalues>
        <viz:size value="6.8"></viz:size>
        <viz:position x="1044.9984" y="-919.86615"></viz:position>
        <viz:color r="0" g="202" b="255"></viz:color>
      </node>
      <node id="平面图" label="平面图">
        <attvalues>
          <attvalue for="modularity_class" value="4"></attvalue>
        </attvalues>
        <viz:size value="6.8"></viz:size>
        <viz:position x="799.29913" y="54.362885"></viz:position>
        <viz:color r="95" g="198" b="19"></viz:color>
      </node>
      <node id="弦图" label="弦图">
        <attvalues>
          <attvalue for="modularity_class" value="4"></attvalue>
        </attvalues>
        <viz:size value="6.8"></viz:size>
        <viz:position x="1050.3181" y="43.09205"></viz:position>
        <viz:color r="95" g="198" b="19"></viz:color>
      </node>
      <node id="递归类型" label="递归类型">
        <attvalues>
          <attvalue for="modularity_class" value="5"></attvalue>
        </attvalues>
        <viz:size value="6.8"></viz:size>
        <viz:position x="714.1259" y="-479.9137"></viz:position>
        <viz:color r="0" g="202" b="255"></viz:color>
      </node>
      <node id="双向链表" label="双向链表">
        <attvalues>
          <attvalue for="modularity_class" value="2"></attvalue>
        </attvalues>
        <viz:size value="6.8"></viz:size>
        <viz:position x="22.719318" y="257.44052"></viz:position>
        <viz:color r="255" g="92" b="129"></viz:color>
      </node>
      <node id="空字元串" label="空字元串">
        <attvalues>
          <attvalue for="modularity_class" value="5"></attvalue>
        </attvalues>
        <viz:size value="6.8"></viz:size>
        <viz:position x="839.1938" y="-541.19995"></viz:position>
        <viz:color r="0" g="202" b="255"></viz:color>
      </node>
      <node id="斐波那契堆" label="斐波那契堆">
        <attvalues>
          <attvalue for="modularity_class" value="0"></attvalue>
        </attvalues>
        <viz:size value="6.8"></viz:size>
        <viz:position x="-421.504" y="900.2692"></viz:position>
        <viz:color r="234" g="134" b="21"></viz:color>
      </node>
      <node id="线性杂凑" label="线性杂凑">
        <attvalues>
          <attvalue for="modularity_class" value="3"></attvalue>
        </attvalues>
        <viz:size value="6.8"></viz:size>
        <viz:position x="385.58795" y="-1023.19806"></viz:position>
        <viz:color r="46" g="144" b="114"></viz:color>
      </node>
      <node id="线性探测" label="线性探测">
        <attvalues>
          <attvalue for="modularity_class" value="3"></attvalue>
        </attvalues>
        <viz:size value="6.8"></viz:size>
        <viz:position x="296.74722" y="-1095.5162"></viz:position>
        <viz:color r="46" g="144" b="114"></viz:color>
      </node>
      <node id="八叉树" label="八叉树">
        <attvalues>
          <attvalue for="modularity_class" value="0"></attvalue>
        </attvalues>
        <viz:size value="6.8"></viz:size>
        <viz:position x="-790.57465" y="1007.78156"></viz:position>
        <viz:color r="234" g="134" b="21"></viz:color>
      </node>
      <node id="哈密顿图" label="哈密顿图">
        <attvalues>
          <attvalue for="modularity_class" value="4"></attvalue>
        </attvalues>
        <viz:size value="6.8"></viz:size>
        <viz:position x="848.396" y="332.88306"></viz:position>
        <viz:color r="95" g="198" b="19"></viz:color>
      </node>
      <node id="队列" label="队列">
        <attvalues>
          <attvalue for="modularity_class" value="2"></attvalue>
        </attvalues>
        <viz:size value="6.8"></viz:size>
        <viz:position x="174.73648" y="380.20624"></viz:position>
        <viz:color r="255" g="92" b="129"></viz:color>
      </node>
      <node id="Alpha-beta剪枝" label="Alpha-beta剪枝">
        <attvalues>
          <attvalue for="modularity_class" value="1"></attvalue>
        </attvalues>
        <viz:size value="5.0"></viz:size>
        <viz:position x="-981.0048" y="438.93427"></viz:position>
        <viz:color r="198" g="134" b="233"></viz:color>
      </node>
      <node id="可变长数组" label="可变长数组">
        <attvalues>
          <attvalue for="modularity_class" value="3"></attvalue>
        </attvalues>
        <viz:size value="5.0"></viz:size>
        <viz:position x="-193.19145" y="-862.78735"></viz:position>
        <viz:color r="46" g="144" b="114"></viz:color>
      </node>
      <node id="凯莱图" label="凯莱图">
        <attvalues>
          <attvalue for="modularity_class" value="4"></attvalue>
        </attvalues>
        <viz:size value="5.0"></viz:size>
        <viz:position x="1007.652" y="275.10486"></viz:position>
        <viz:color r="95" g="198" b="19"></viz:color>
      </node>
      <node id="对话树" label="对话树">
        <attvalues>
          <attvalue for="modularity_class" value="0"></attvalue>
        </attvalues>
        <viz:size value="5.0"></viz:size>
        <viz:position x="-960.42053" y="754.3094"></viz:position>
        <viz:color r="234" g="134" b="21"></viz:color>
      </node>
      <node id="有序对" label="有序对">
        <attvalues>
          <attvalue for="modularity_class" value="4"></attvalue>
        </attvalues>
        <viz:size value="5.0"></viz:size>
        <viz:position x="414.1077" y="586.87476"></viz:position>
        <viz:color r="95" g="198" b="19"></viz:color>
      </node>
      <node id="后缀树" label="后缀树">
        <attvalues>
          <attvalue for="modularity_class" value="0"></attvalue>
        </attvalues>
        <viz:size value="5.0"></viz:size>
        <viz:position x="-911.3392" y="874.3266"></viz:position>
        <viz:color r="234" g="134" b="21"></viz:color>
      </node>
    </nodes>
    <edges>
      <edge id="0" source="数据结构" target="2-3-4树"></edge>
      <edge id="1" source="树" target="(数据结构)" weight="21.0"></edge>
      <edge id="2" source="树" target="2-3-4树"></edge>
      <edge id="3" source="数据结构" target="2-3树"></edge>
      <edge id="5" source="树" target="2-3树"></edge>
      <edge id="6" source="数据结构" target="抽象资料型别"></edge>
      <edge id="7" source="资料类型" target="抽象资料型别"></edge>
      <edge id="8" source="抽象资料型别" target="多重关连数组"></edge>
      <edge id="9" source="邻接矩阵" target="二分图"></edge>
      <edge id="10" source="数据结构" target="邻接矩阵" weight="2.0"></edge>
      <edge id="11" source="邻接矩阵" target="邻接矩阵"></edge>
      <edge id="12" source="二分图" target="邻接矩阵"></edge>
      <edge id="14" source="Alpha-beta剪枝" target="深度优先搜索"></edge>
      <edge id="15" source="数据结构" target="数组"></edge>
      <edge id="16" source="数组" target="字符串"></edge>
      <edge id="17" source="数组" target="哈希表"></edge>
      <edge id="18" source="数组" target="链表"></edge>
      <edge id="19" source="数组" target="关联数组"></edge>
      <edge id="20" source="数组" target="记录"></edge>
      <edge id="21" source="枚举" target="数组"></edge>
      <edge id="22" source="数组" target="平衡树"></edge>
      <edge id="23" source="数组" target="朱迪矩阵"></edge>
      <edge id="24" source="数组" target="可变长数组"></edge>
      <edge id="25" source="数据结构" target="关联数组"></edge>
      <edge id="26" source="关联数组" target="哈希表"></edge>
      <edge id="27" source="关联数组" target="二元搜寻树"></edge>
      <edge id="28" source="关联数组" target="多重关连数组"></edge>
      <edge id="29" source="关联数组" target="链表"></edge>
      <edge id="30" source="关联数组" target="散列函数"></edge>
      <edge id="31" source="关联数组" target="朱迪矩阵"></edge>
      <edge id="32" source="平衡树" target="AVL树"></edge>
      <edge id="33" source="数据结构" target="AVL树"></edge>
      <edge id="35" source="树" target="AVL树"></edge>
      <edge id="36" source="树旋转" target="AVL树"></edge>
      <edge id="38" source="树" target="B树"></edge>
      <edge id="39" source="二元搜寻树" target="B树"></edge>
      <edge id="40" source="平衡树" target="B树"></edge>
      <edge id="41" source="链表" target="B树"></edge>
      <edge id="43" source="堆" target="二叉堆"></edge>
      <edge id="45" source="二叉树" target="二叉堆"></edge>
      <edge id="47" source="二叉树" target="二元搜寻树"></edge>
      <edge id="48" source="数据结构" target="二元搜寻树"></edge>
      <edge id="49" source="链表" target="二元搜寻树"></edge>
      <edge id="50" source="二元搜寻树" target="伸展树"></edge>
      <edge id="52" source="堆" target="二元搜寻树"></edge>
      <edge id="55" source="树" target="二叉树"></edge>
      <edge id="56" source="链表" target="二叉树"></edge>
      <edge id="57" source="二叉树" target="深度优先搜索"></edge>
      <edge id="58" source="二叉树" target="广度优先搜索"></edge>
      <edge id="59" source="二叉树" target="平衡树"></edge>
      <edge id="61" source="堆" target="二项堆"></edge>
      <edge id="62" source="抽象资料型别" target="二项堆"></edge>
      <edge id="64" source="树" target="二项堆"></edge>
      <edge id="65" source="二叉树" target="二项堆"></edge>
      <edge id="66" source="链表" target="二项堆"></edge>
      <edge id="67" source="二分图" target="完全二分图"></edge>
      <edge id="68" source="数据结构" target="布隆过滤器"></edge>
      <edge id="69" source="散列函数" target="布隆过滤器"></edge>
      <edge id="70" source="数组" target="布隆过滤器"></edge>
      <edge id="71" source="关联数组" target="布隆过滤器"></edge>
      <edge id="72" source="原始型别" target="布尔"></edge>
      <edge id="74" source="链表" target="广度优先搜索"></edge>
      <edge id="75" source="二叉树" target="笛卡尔树"></edge>
      <edge id="76" source="二叉堆" target="笛卡尔树"></edge>
      <edge id="78" source="正则图" target="凯莱图"></edge>
      <edge id="79" source="平面图" target="(图论)"></edge>
      <edge id="80" source="平面图" target="弦图"></edge>
      <edge id="81" source="道路" target="(图论)" weight="2.0"></edge>
      <edge id="82" source="道路" target="弦图"></edge>
      <edge id="83" source="邻接矩阵" target="完全二分图"></edge>
      <edge id="85" source="字符串" target="复合型别"></edge>
      <edge id="87" source="记录" target="复合型别"></edge>
      <edge id="90" source="枚举" target="复合型别"></edge>
      <edge id="93" source="数据结构" target="复合型别"></edge>
      <edge id="94" source="数据结构" target="B树"></edge>
      <edge id="99" source="数据结构" target="序列"></edge>
      <edge id="100" source="资料类型" target="字符串"></edge>
      <edge id="101" source="资料类型" target="枚举"></edge>
      <edge id="106" source="资料类型" target="链表"></edge>
      <edge id="110" source="树" target="深度优先搜索"></edge>
      <edge id="112" source="树" target="对话树"></edge>
      <edge id="113" source="记录" target="双向链表"></edge>
      <edge id="114" source="链表" target="双向链表"></edge>
      <edge id="115" source="字符串" target="空字元串"></edge>
      <edge id="116" source="资料类型" target="空字元串"></edge>
      <edge id="118" source="堆" target="斐波那契堆"></edge>
      <edge id="120" source="树" target="斐波那契堆"></edge>
      <edge id="121" source="散列函数" target="哈希表"></edge>
      <edge id="122" source="散列函数" target="线性杂凑"></edge>
      <edge id="123" source="序列" target="哈希表"></edge>
      <edge id="124" source="哈希表" target="线性探测"></edge>
      <edge id="125" source="哈希表" target="线性杂凑"></edge>
      <edge id="126" source="数据结构" target="堆"></edge>
      <edge id="127" source="数据结构" target="(数据结构)" weight="2.0"></edge>
      <edge id="128" source="抽象资料型别" target="堆"></edge>
      <edge id="129" source="抽象资料型别" target="(数据结构)"></edge>
      <edge id="130" source="数据结构" target="朱迪矩阵"></edge>
      <edge id="132" source="树" target="K-d树"></edge>
      <edge id="133" source="数据结构" target="K-d树"></edge>
      <edge id="134" source="二叉树" target="K-d树"></edge>
      <edge id="135" source="树旋转" target="K-d树"></edge>
      <edge id="136" source="散列函数" target="线性探测"></edge>
      <edge id="137" source="数据结构" target="链表">
        <viz:color r="255" g="0" b="0"></viz:color>
      </edge>
      <edge id="138" source="记录" target="链表"></edge>
      <edge id="140" source="树" target="八叉树"></edge>
      <edge id="141" source="四叉树" target="八叉树"></edge>
      <edge id="142" source="序列" target="有序对"></edge>
      <edge id="143" source="序列" target="道路"></edge>
      <edge id="144" source="序列" target="(图论)"></edge>
      <edge id="146" source="道路" target="哈密顿图"></edge>
      <edge id="147" source="资料类型" target="原始型别"></edge>
      <edge id="148" source="原始型别" target="字符串"></edge>
      <edge id="150" source="树" target="四叉树"></edge>
      <edge id="151" source="二叉树" target="四叉树"></edge>
      <edge id="153" source="链表" target="队列"></edge>
      <edge id="154" source="数据结构" target="树堆"></edge>
      <edge id="156" source="树" target="树堆"></edge>
      <edge id="158" source="堆" target="树堆"></edge>
      <edge id="159" source="资料类型" target="递归类型"></edge>
      <edge id="160" source="平衡树" target="红黑树"></edge>
      <edge id="161" source="数据结构" target="红黑树"></edge>
      <edge id="162" source="关联数组" target="红黑树"></edge>
      <edge id="163" source="B树" target="红黑树"></edge>
      <edge id="164" source="树旋转" target="红黑树"></edge>
      <edge id="166" source="树" target="红黑树"></edge>
      <edge id="167" source="正则图" target="哈密顿图"></edge>
      <edge id="168" source="邻接矩阵" target="正则图"></edge>
      <edge id="169" source="平衡树" target="替罪羊树"></edge>
      <edge id="170" source="二元搜寻树" target="替罪羊树"></edge>
      <edge id="171" source="AVL树" target="替罪羊树"></edge>
      <edge id="173" source="树" target="替罪羊树"></edge>
      <edge id="174" source="树旋转" target="替罪羊树"></edge>
      <edge id="176" source="树" target="线段树"></edge>
      <edge id="177" source="数据结构" target="线段树"></edge>
      <edge id="178" source="二叉树" target="线段树"></edge>
      <edge id="179" source="链表" target="线段树"></edge>
      <edge id="180" source="抽象资料型别" target="平衡树"></edge>
      <edge id="181" source="树旋转" target="平衡树"></edge>
      <edge id="182" source="伸展树" target="平衡树"></edge>
      <edge id="183" source="关联数组" target="平衡树"></edge>
      <edge id="184" source="抽象资料型别" target="集合"></edge>
      <edge id="189" source="集合" target="平衡树"></edge>
      <edge id="190" source="树旋转" target="伸展树"></edge>
      <edge id="192" source="树" target="伸展树"></edge>
      <edge id="193" source="序列" target="字符串"></edge>
      <edge id="195" source="树" target="后缀树"></edge>
      <edge id="196" source="数据结构" target="树"></edge>
      <edge id="199" source="树" target="二叉堆">
        <viz:color r="255" g="0" b="0"></viz:color>
      </edge>
      <edge id="201" source="树" target="广度优先搜索"></edge>
    </edges>
  </graph>
</gexf>
